PES1UGV800001,Peter,Smith,5,ABC,7.83,2021,peter.smith2021@example.com
PES1UG1C200123,Sarah,Johnson,2,XYZ,8.17,2022,sarah.johnson2022@example.com
PES1UG9DQW3210,Michael,Davis,6,DEF,9.45,2023,michael.davis2023@example.com
PES1UG0Z512345,John,Doe,4,GHI,6.78,2022,john.doe2022@example.com
PES1UGK8R60099,Emily,Brown,7,JKL,9.12,2021,emily.brown2021@example.com
PES1UGYOHQ0077,David,Anderson,3,MNO,6.92,2022,david.anderson2022@example.com
PES1UGSXTN8765,Amy,Clark,1,PQR,7.78,2021,amy.clark2021@example.com
PES1UG6EAZ1876,Michael,Jackson,8,STU,8.99,2023,michael.jackson2023@example.com
PES1UGXDCGI597,Karen,Miller,2,VWX,7.19,2022,karen.miller2022@example.com
PES1UG7URQ7890,Daniel,White,5,YZA,9.33,2021,daniel.white2021@example.com
PES1UGNLZ81234,Laura,Smith,6,BAB,7.76,2021,laura.smith2021@example.com
PES1UGWHH12345,Jason,Brown,3,ACD,6.97,2022,jason.brown2022@example.com
PES1UGP6LW0043,Sophia,Johnson,7,CDE,9.01,2023,sophia.johnson2023@example.com
PES1UGAOBIV510,Matthew,Davis,4,EFG,8.64,2021,matthew.davis2021@example.com
PES1UGLV2WN010,Olivia,Anderson,5,FGH,9.08,2022,olivia.anderson2022@example.com
PES1UGM0ZHQ199,Alexander,Clark,2,GHI,7.52,2021,alexander.clark2021@example.com
PES1UG3BHYF643,Emma,Jackson,8,HIJ,8.09,2023,emma.jackson2023@example.com
PES1UGTD5X2876,Andrew,Miller,1,IJK,6.87,2022,andrew.miller2022@example.com
PES1UG4R9YME21,Daniel,White,7,JKL,9.22,2021,daniel.white2021@example.com
PES1UGKFV3X998,Sarah,Davis,4,KLM,7.69,2022,sarah.davis2022@example.com
PES1UGO2NZR811,John,Anderson,6,LMN,8.43,2023,john.anderson2023@example.com
PES1UG8HIDR503,Amy,Clark,1,MNO,7.65,2021,amy.clark2021@example.com
PES1UGQ31KO670,Michael,Jackson,8,NOP,9.11,2022,michael.jackson2022@example.com
PES1UGVXN5Q907,Karen,Miller,3,OPQ,7.87,2023,karen.miller2023@example.com
PES1UG1TPX5243,David,White,5,PQR,8.99,2021,david.white2021@example.com
PES1UG5O7L9121,Laura,Smith,2,QRS,6.78,2022,laura.smith2022@example.com
PES1UGAI4V8310,Jason,Brown,7,RST,9.06,2023,jason.brown2023@example.com
PES1UGK2DQR398,Sophia,Johnson,4,STU,7.62,2021,sophia.johnson2021@example.com
PES1UG9ZMOC133,Matthew,Davis,8,TUV,8.87,2022,matthew.davis2022@example.com
PES1UGW3FKQ311,Olivia,Anderson,3,UVW,6.91,2023,olivia.anderson2023@example.com
PES1UGR1Z5J634,Alexander,Clark,6,VWX,9.32,2022,alexander.clark2022@example.com
PES1UGLV8Q0399,Emma,Jackson,1,WXY,7.77,2021,emma.jackson2021@example.com
PES1UGB5WY7810,Andrew,Miller,7,XYZ,9.01,2023,andrew.miller2023@example.com
PES1UG17BQO593,Daniel,White,2,YZA,7.45,2022,daniel.white2022@example.com
PES1UGO2M15329,Sarah,Davis,8,ZAB,9.06,2021,sarah.davis2021@example.com
PES1UGM5R28137,John,Anderson,3,ABC,6.76,2022,john.anderson2022@example.com
PES1UGV6LBY296,Amy,Clark,6,BCD,9.13,2023,amy.clark2023@example.com
PES1UGT9K7V238,Michael,Jackson,1,CDE,7.87,2021,michael.jackson2021@example.com
PES1UGJ8N4K670,Karen,Miller,7,DEF,9.25,2022,karen.miller2022@example.com
PES1UGX4D3M391,David,White,4,EFG,7.69,2023,david.white2023@example.com
PES1UGO8KLF593,Laura,Smith,5,FGH,8.77,2021,laura.smith2021@example.com
PES1UGQJ6D853,Jason,Brown,2,GHI,7.84,2022,jason.brown2022@example.com
PES1UGX9F0K391,Sophia,Johnson,8,HIJ,9.33,2023,sophia.johnson2023@example.com
PES1UG2H4K6532,Matthew,Davis,1,IJK,7.92,2021,matthew.davis2021@example.com
PES1UGB6M9L434,Olivia,Anderson,7,JKL,9.15,2022,olivia.anderson2022@example.com
PES1UGZ6FV9238,Alexander,Clark,4,KLM,7.77,2023,alexander.clark2023@example.com
PES1UG0W9A3634,Emma,Jackson,5,LMN,9.01,2021,emma.jackson2021@example.com
PES1UGM1PQH831,Andrew,Miller,2,MNO,7.65,2022,andrew.miller2022@example.com
PES1UGY6K4O135,Daniel,White,8,NOP,9.43,2023,daniel.white2023@example.com
PES1UG8P9W5137,Sarah,Davis,3,OPQ,7.79,2021,sarah.davis2021@example.com
PES1UGF2KJ9304,John,Anderson,6,PQR,8.55,2022,john.anderson2022@example.com
PES1UG3RNLG032,Amy,Clark,1,QRS,7.65,2023,amy.clark2023@example.com
PES1UGR80Z2199,Michael,Jackson,7,RST,9.10,2021,michael.jackson2021@example.com
PES1UGK6R7V493,Karen,Miller,2,STU,7.87,2022,karen.miller2022@example.com
PES1UG0K93E042,David,White,8,TUV,9.01,2023,david.white2023@example.com
PES1UG4ZT3F235,Laura,Smith,3,UVW,7.42,2021,laura.smith2021@example.com
PES1UGB5ZO8339,Jason,Brown,7,VWX,9.06,2022,jason.brown2022@example.com
PES1UGNWFLZ232,Sophia,Johnson,1,WXY,7.69,2023,sophia.johnson2023@example.com
PES1UG8KWLF234,Matthew,Davis,6,XYZ,9.25,2021,matthew.davis2021@example.com
PES1UG04MVE509,Olivia,Anderson,4,YZA,7.86,2022,olivia.anderson2022@example.com
PES1UGD7FIE393,Alexander,Clark,5,ZAB,8.79,2023,alexander.clark2023@example.com
PES1UG9Z1CN900,Emma,Jackson,2,ABC,7.65,2021,emma.jackson2021@example.com
PES1UGOLHKJ099,Andrew,Miller,8,BCD,9.01,2022,andrew.miller2022@example.com
PES1UG7QRJK199,Daniel,White,3,CDE,7.87,2023,daniel.white2023@example.com
PES1UGMNDCV800,Sarah,Davis,7,DEF,9.25,2021,sarah.davis2021@example.com
PES1UGD9QW3217,John,Anderson,1,EFG,7.86,2022,john.anderson2022@example.com
PES1UG34BRM765,Amy,Clark,6,FGH,9.33,2023,amy.clark2023@example.com
PES1UGVBREJ432,Michael,Jackson,2,GHI,7.69,2021,michael.jackson2021@example.com
PES1UGYAQR4311,Karen,Miller,8,HIJ,9.06,2022,karen.miller2022@example.com
PES1UGLMEGJ009,David,White,3,IJK,7.65,2023,david.white2023@example.com