PES1UG1C20012,Sarah,Johnson,1,XYZ,8.17,2027,sarah.johnson2022@example.com
PES1UG9DQW321,Michael,Davis,5,DEF,9.45,2025,michael.davis2023@example.com
PES1UG0Z51234,John,Doe,3,GHI,6.78,2026,john.doe2022@example.com
PES1UGK8R6009,Emily,Brown,7,JKL,9.12,2024,emily.brown2021@example.com
PES1UGYOHQ007,David,Anderson,3,MNO,6.92,2026,david.anderson2022@example.com
PES1UGSXTN876,Amy,Clark,1,PQR,7.78,2027,amy.clark2021@example.com
PES1UG6EAZ187,Michael,Jackson,7,STU,8.99,2024,michael.jackson2023@example.com
PES1UGXDCGI59,Karen,Miller,1,VWX,7.19,2027,karen.miller2022@example.com
PES1UG7URQ789,Daniel,White,5,YZA,9.33,2025,daniel.white2021@example.com
PES1UGNLZ8123,Laura,Smith,5,BAB,7.76,2025,laura.smith2021@example.com
PES1UGWHH1234,Jason,Brown,3,ACD,6.97,2026,jason.brown2022@example.com
PES1UGP6LW004,Sophia,Johnson,7,CDE,9.01,2024,sophia.johnson2023@example.com
PES1UGAOBIV51,Matthew,Davis,3,EFG,8.64,2026,matthew.davis2021@example.com
PES1UGLV2WN01,Olivia,Anderson,5,FGH,9.08,2025,olivia.anderson2022@example.com
PES1UGM0ZHQ19,Alexander,Clark,1,GHI,7.52,2027,alexander.clark2021@example.com
PES1UG3BHYF64,Emma,Jackson,7,HIJ,8.09,2024,emma.jackson2023@example.com
PES1UGTD5X287,Andrew,Miller,1,IJK,6.87,2027,andrew.miller2022@example.com
PES1UG4R9YME2,Daniel,White,7,JKL,9.22,2024,daniel.white2021@example.com
PES1UGKFV3X99,Sarah,Davis,3,KLM,7.69,2026,sarah.davis2022@example.com
PES1UGO2NZR81,John,Anderson,5,LMN,8.43,2025,john.anderson2023@example.com
PES1UG8HIDR50,Amy,Clark,1,MNO,7.65,2027,amy.clark2021@example.com
PES1UGQ31KO67,Michael,Jackson,7,NOP,9.11,2024,michael.jackson2022@example.com
PES1UGVXN5Q90,Karen,Miller,3,OPQ,7.87,2026,karen.miller2023@example.com
PES1UG1TPX524,David,White,5,PQR,8.99,2025,david.white2021@example.com
PES1UG5O7L912,Laura,Smith,1,QRS,6.78,2027,laura.smith2022@example.com
PES1UGAI4V831,Jason,Brown,7,RST,9.06,2024,jason.brown2023@example.com
PES1UGK2DQR39,Sophia,Johnson,3,STU,7.62,2026,sophia.johnson2021@example.com
PES1UG9ZMOC13,Matthew,Davis,7,TUV,8.87,2024,matthew.davis2022@example.com
PES1UGW3FKQ31,Olivia,Anderson,3,UVW,6.91,2026,olivia.anderson2023@example.com
PES1UGR1Z5J63,Alexander,Clark,5,VWX,9.32,2025,alexander.clark2022@example.com
PES1UGLV8Q039,Emma,Jackson,1,WXY,7.77,2027,emma.jackson2021@example.com
PES1UGB5WY781,Andrew,Miller,7,XYZ,9.01,2024,andrew.miller2023@example.com
PES1UG17BQO59,Daniel,White,1,YZA,7.45,2027,daniel.white2022@example.com
PES1UGO2M1532,Sarah,Davis,7,ZAB,9.06,2024,sarah.davis2021@example.com
PES1UGM5R2813,John,Anderson,3,ABC,6.76,2026,john.anderson2022@example.com
PES1UGV6LBY29,Amy,Clark,5,BCD,9.13,2025,amy.clark2023@example.com
PES1UGT9K7V23,Michael,Jackson,1,CDE,7.87,2027,michael.jackson2021@example.com
PES1UGJ8N4K67,Karen,Miller,7,DEF,9.25,2024,karen.miller2022@example.com
PES1UGX4D3M39,David,White,3,EFG,7.69,2026,david.white2023@example.com
PES1UGO8KLF59,Laura,Smith,5,FGH,8.77,2025,laura.smith2021@example.com
PES1UGX9F0K39,Sophia,Johnson,7,HIJ,9.33,2024,sophia.johnson2023@example.com
PES1UG2H4K653,Matthew,Davis,1,IJK,7.92,2027,matthew.davis2021@example.com
PES1UGB6M9L43,Olivia,Anderson,7,JKL,9.15,2024,olivia.anderson2022@example.com
PES1UGZ6FV923,Alexander,Clark,3,KLM,7.77,2026,alexander.clark2023@example.com
PES1UG0W9A363,Emma,Jackson,5,LMN,9.01,2025,emma.jackson2021@example.com
PES1UGM1PQH83,Andrew,Miller,1,MNO,7.65,2027,andrew.miller2022@example.com
PES1UGY6K4O13,Daniel,White,7,NOP,9.43,2024,daniel.white2023@example.com
PES1UG8P9W513,Sarah,Davis,3,OPQ,7.79,2026,sarah.davis2021@example.com
PES1UGF2KJ930,John,Anderson,5,PQR,8.55,2025,john.anderson2022@example.com
PES1UG3RNLG03,Amy,Clark,1,QRS,7.65,2027,amy.clark2023@example.com
PES1UGR80Z219,Michael,Jackson,7,RST,9.10,2024,michael.jackson2021@example.com
PES1UGK6R7V49,Karen,Miller,1,STU,7.87,2027,karen.miller2022@example.com
PES1UG0K93E04,David,White,7,TUV,9.01,2024,david.white2023@example.com
PES1UG4ZT3F23,Laura,Smith,3,UVW,7.42,2026,laura.smith2021@example.com
PES1UGB5ZO833,Jason,Brown,7,VWX,9.06,2024,jason.brown2022@example.com
PES1UGNWFLZ23,Sophia,Johnson,1,WXY,7.69,2027,sophia.johnson2023@example.com
PES1UG8KWLF23,Matthew,Davis,5,XYZ,9.25,2025,matthew.davis2021@example.com
PES1UG04MVE50,Olivia,Anderson,3,YZA,7.86,2026,olivia.anderson2022@example.com
PES1UGD7FIE39,Alexander,Clark,5,ZAB,8.79,2025,alexander.clark2023@example.com
PES1UG9Z1CN90,Emma,Jackson,1,ABC,7.65,2027,emma.jackson2021@example.com
PES1UGOLHKJ09,Andrew,Miller,7,BCD,9.01,2024,andrew.miller2022@example.com
PES1UG7QRJK19,Daniel,White,3,CDE,7.87,2026,daniel.white2023@example.com
PES1UGMNDCV80,Sarah,Davis,7,DEF,9.25,2024,sarah.davis2021@example.com
PES1UGD9QW321,John,Anderson,1,EFG,7.86,2027,john.anderson2022@example.com
PES1UG34BRM76,Amy,Clark,5,FGH,9.33,2025,amy.clark2023@example.com
PES1UGVBREJ43,Michael,Jackson,1,GHI,7.69,2027,michael.jackson2021@example.com
PES1UGYAQR431,Karen,Miller,7,HIJ,9.06,2024,karen.miller2022@example.com
PES1UGLMEGJ00,David,White,3,IJK,7.65,2026,david.white2023@example.com
